{
    "tasks": [
        {
            "AbxTaskId": 1,
            "OrganisationTaskId": "1",
            "OrganisationId": "1",
            "priority": "HIGH",
            "taskStatus": "COMPLETE",
            "assignedto": "John Smith",
            "timestamp": "1590241638852",
            "latitude": "0.1",
            "longitude": "0.1",
            "tasksummary": "Task Summary 1",
            "taskdescription": "Task Description 1"
        },
        {
            "AbxTaskId": 2,
            "OrganisationTaskId": "2",
            "OrganisationId": "1",
            "priority": "MEDIUM",
            "taskStatus": "IN PROGRESS",
            "assignedto": "Jane Smith",
            "timestamp": "1590241638882",
            "latitude": "0.1",
            "longitude": "0.1",
            "tasksummary": "Task Summary 2",
            "taskdescription": "Task Description 2"
        },
        {
            "AbxTaskId": 3,
            "OrganisationTaskId": "1",
            "OrganisationId": "2",
            "priority": "HIGH",
            "taskStatus": "BACKLOG",
            "assignedto": "Dave Smith",
            "timestamp": "1590241638752",
            "latitude": "0.1",
            "longitude": "0.1",
            "tasksummary": "Task Summary 3",
            "taskdescription": "Task Description 3"
        },
        {
            "AbxTaskId": 4,
            "OrganisationTaskId": "2",
            "OrganisationId": "2",
            "priority": "LOW",
            "taskStatus": "IN PROGRESS",
            "assignedto": "Don Smith",
            "timestamp": "1590241638892",
            "latitude": "0.1",
            "longitude": "0.1",
            "tasksummary": "Task Summary 4",
            "taskdescription": "Task Description 4"
        }
    ]
}